productName;timerOrdered;totalMoney
pizza;0;0.0
Lodger: A Story of the London Fog The;0;0.0
Charlie Chan in Egypt;0;0.0
Haunter;0;0.0
Hollywood Shuffle;0;0.0
The Case of the Scorpion's Tail;0;0.0
Takers;0;0.0
Pokémon Origins;0;0.0
Gray Lady Down;0;0.0
Stupid Boy (Garçon stupide);0;0.0
Australian Atomic Confessions;0;0.0
Black Girl (La noire de...);0;0.0
The Last Farm;0;0.0
Land Without Bread (Hurdes tierra sin pan Las);0;0.0
Idiot Returns The (Návrat idiota);0;0.0
Land Ho!;0;0.0
Gloria;0;0.0
Ready to Rumble;0;0.0
Streets of Blood;0;0.0
D3: The Mighty Ducks;0;0.0
Alien³ (a.k.a. Alien 3);0;0.0
How to Be a Player;0;0.0
Legendary Weapons of China;0;0.0
Nobody Knows Anything!;0;0.0
Get Carter;0;0.0
Versailles;0;0.0
Set Me Free (Emporte-moi);0;0.0
Station The (Blutgletscher);0;0.0
Confession;0;0.0
To Begin Again (a.k.a. Starting Over) (Volver a Empezar);0;0.0
Guardian The;0;0.0
Arthur;0;0.0
Won't Back Down;0;0.0
Heiress The;0;0.0
No End (Bez konca);0;0.0
Bandit The (Eskiya);0;0.0
This World Then the Fireworks;0;0.0
Hop;0;0.0
Michael;0;0.0
Quiz Show;0;0.0
Finding a Family;0;0.0
Double Life A;0;0.0
Object of My Affection The;0;0.0
Wit;0;0.0
Rembrandt;0;0.0
Deadly Advice;0;0.0
Elephant in the Living Room The;0;0.0
Mosquito Coast The;0;0.0
Restless Souls (Bag det stille ydre);0;0.0
The Woodcarver;0;0.0
Corn Is Green The;0;0.0
On My Way (Elle s'en va);0;0.0
Muppets From Space;0;0.0
Cirque du Soleil: Varekai;0;0.0
Fabulous Baker Boys The;0;0.0
Jindabyne;0;0.0
Bonjour tristesse;0;0.0
Memento;0;0.0
I Saw the Devil (Akmareul boatda);0;0.0
Drop Dead Fred;0;0.0
Grim Reaper;0;0.0
The Iron Commissioner;0;0.0
West of Memphis;0;0.0
She Had to Say Yes;0;0.0
Lesbian Vampire Killers;0;0.0
Mickey One;0;0.0
Jesus of Montreal (Jésus de Montréal);0;0.0
Melvin Goes to Dinner;0;0.0
Dragonquest;0;0.0
Much Ado About Nothing;0;0.0
Bride Flight;0;0.0
Mr. Denning Drives North;0;0.0
Top Dog;0;0.0
Condemned The;0;0.0
Charley Varrick;0;0.0
Liberal Arts;0;0.0
Descendants The;0;0.0
Enemy of the State;0;0.0
Possession;0;0.0
Hitch Hike (Autostop rosso sangue) (Naked Prey The);0;0.0
Nobody Walks;0;0.0
Town Without Pity;0;0.0
Private Lives of Pippa Lee The;0;0.0
Judgement in Stone A (Cérémonie La);0;0.0
Planet Terror;0;0.0
Final Conflict The (a.k.a. Omen III: The Final Conflict);0;0.0
Steel;0;0.0
Stage Fright (Deliria);0;0.0
Leprechaun;0;0.0
Tiger and the Snow The (La tigre e la neve);0;0.0
Mask;0;0.0
Better Luck Tomorrow;0;0.0
Locke;0;0.0
Cabaret;0;0.0
Loving Leah;0;0.0
Terminator 2: Judgment Day;0;0.0
Headhunter's Sister The;0;0.0
Show People;0;0.0
Streetcar Named Desire A;0;0.0
Amadeus;0;0.0
Interior. Leather Bar.;0;0.0
Out of the Blue;0;0.0
Adventures of Huckleberry Finn The;0;0.0
Slave Girls (Prehistoric Women);0;0.0
It's Always Fair Weather;0;0.0
Cyrano de Bergerac;0;0.0
Benjamin Blümchen - Seine schönsten Abenteuer;0;0.0
Miss Kicki;0;0.0
Stardust;0;0.0
Beyond the Mat;0;0.0
Ronde La;0;0.0
Swing Shift;0;0.0
Jackpot 2;0;0.0
7th Heaven (Seventh Heaven);0;0.0
Lamerica;0;0.0
Anita;0;0.0
Shawshank Redemption The;0;0.0
Water for Elephants;0;0.0
Why Stop Now;0;0.0
A Via Láctea;0;0.0
River The;0;0.0
Face (Visage);0;0.0
The Inner Circle;0;0.0
Little Vampire The;0;0.0
Winner The;0;0.0
Encore;0;0.0
Bad News Bears Go to Japan The;0;0.0
Story of My Life The (Mensonges et trahisons et plus si affinités...);0;0.0
Good The Bad The Weird The (Joheunnom nabbeunnom isanghannom);0;0.0
Hesher;0;0.0
St. George Shoots the Dragon (Sveti Georgije ubiva azdahu);0;0.0
Of Time and the City;0;0.0
Melinda and Melinda;0;0.0
Dragon Ball: The Curse Of The Blood Rubies (Doragon bôru: Shenron no densetsu);0;0.0
Blackout (Murder by Proxy);0;0.0
The Cobbler;0;0.0
Babe;0;0.0
Lianna;0;0.0
Black Windmill The;0;0.0
Killing Words (Palabras encadenadas);0;0.0
Story of Louis Pasteur The;0;0.0
The Plague of the Zombies;0;0.0
Swing Kids;0;0.0
Bridge to the Sun;0;0.0
Game of Chance (Onnenpeli);0;0.0
State of Siege (État de siège);0;0.0
Sergeant Rutledge;0;0.0
Beyond Silence (Jenseits der Stille);0;0.0
I Travel Alone;0;0.0
What's the Worst That Could Happen?;0;0.0
Lords of Dogtown;0;0.0
Sheriff and the Satellite Kid The;0;0.0
Hunting and Gathering (Ensemble c'est tout);0;0.0
Dark Days;0;0.0
Then I Sentenced Them All to Death (Atunci i-am condamnat pe toti la moarte);0;0.0
Raspberry Boat Refugee;0;0.0
Cousin cousine;0;0.0
Seven Invisible Men (Septyni nematomi zmones);0;0.0
JLG/JLG (JLG/JLG - autoportrait de décembre);0;0.0
You Ain't Seen Nothin' Yet (Vous n'avez encore rien vu);0;0.0
Child's Pose;0;0.0
Love with the Proper Stranger;0;0.0
Return of Mod Squad The;0;0.0
Judge The;0;0.0
Not Quite Hollywood: The Wild Untold Story of Ozploitation!;0;0.0
Shine of Rainbows A;0;0.0
The Deep Six;0;0.0
102 Dalmatians;0;0.0
Square Dance;0;0.0
Houseboat;0;0.0
Fallen Angels (Duo luo tian shi);0;0.0
Creation;0;0.0
Die Hard: With a Vengeance;0;0.0
Freeze Me;0;0.0
Long Weekend;0;0.0
Léolo;0;0.0
Fall From Grace;0;0.0
Intimate Relations;0;0.0
Brother of Sleep (Schlafes Bruder);0;0.0
I Love You Alice B. Toklas!;0;0.0
Club The;0;0.0
Downhill Racer;0;0.0
Theory of Everything The;0;0.0
Sunrise: A Song of Two Humans;0;0.0
Bells The;0;0.0
Thank You Jeeves!;0;0.0
Alice and Martin (Alice et Martin);0;0.0
How to Seduce Difficult Women;0;0.0
Singles;0;0.0
Staying Alive;0;0.0
Mr. Death: The Rise and Fall of Fred A. Leuchter Jr.;0;0.0
Ghost Son;0;0.0
Bothersome Man The (Brysomme mannen Den);0;0.0
Restaurant;0;0.0
Comes a Bright Day;0;0.0
Stone Cold;0;0.0
Powder;0;0.0
Men Who Tread on the Tiger's Tail The (Tora no o wo fumu otokotachi);0;0.0
Land That Time Forgot The;0;0.0
Colonel Redl (Oberst Redl);0;0.0
Meltdown (Shu dan long wei);0;0.0
Age of Consent;0;0.0
The Apocalypse;0;0.0
All the Invisible Children;0;0.0
Pont du Nord Le;0;0.0
Kuroneko (Black Cat from the Grove The) (Yabu no naka no kuroneko);0;0.0
Hard Way The;0;0.0
Grand Prix;0;0.0
Lady Oscar;0;0.0
Vanity Fair;0;0.0
Eva (a.k.a. Eve);0;0.0
Mother India;0;0.0
Camila;0;0.0
Mother and Son (Mat i syn);0;0.0
Sweet Evil (L'enfance du mal);0;0.0
American Virgin;0;0.0
Sacrament The;0;0.0
Summer Place A;0;0.0
American: The Bill Hicks Story;0;0.0
Scrooge;0;0.0
Pleasantville;0;0.0
Shut Up and Play the Hits;0;0.0
7 Women (a.k.a. Seven Women);0;0.0
Time Masters (Maîtres du temps Les);0;0.0
Nancy Drew;0;0.0
Assault on a Queen;0;0.0
Vizontele Tuuba;0;0.0
Look of Silence The;0;0.0
Cavalcade;0;0.0
The Road to Glory;0;0.0
Argentina latente;0;0.0
Spaced Invaders;0;0.0
Mascara;0;0.0
Stone of Destiny;0;0.0
Into the Sun;0;0.0
Gardenia;0;0.0
Blue in the Face;0;0.0
Late Spring (Banshun);0;0.0
Kinsey;0;0.0
Winchester '73;0;0.0
Savages;0;0.0
Silja - nuorena nukkunut;0;0.0
When Love Is Not Enough: The Lois Wilson Story;0;0.0
Halloween: Resurrection (Halloween 8);0;0.0
Musketeer The;0;0.0
Karate Kid The;0;0.0
Chapiteau-show (Shapito-shou);0;0.0
Meteor;0;0.0
Fish Story (Fisshu sutôrî);0;0.0
Iron Ladies The (Satree lek);0;0.0
She Done Him Wrong;0;0.0
Nothing Like the Holidays;0;0.0
Forgetting Sarah Marshall;0;0.0
Exterminator The;0;0.0
Animatrix The;0;0.0
Wiz The;0;0.0
Crimes and Misdemeanors;0;0.0
Rockabilly Vampire;0;0.0
Desperate Measures;0;0.0
Born to Fight;0;0.0
This Night I'll Possess Your Corpse (Esta Noite Encarnarei no Teu Cadáver);0;0.0
Asfour Stah;0;0.0
Up the River;0;0.0
They Won't Forget;0;0.0
All the King's Men;0;0.0
Purple Rose of Cairo The;0;0.0
Mr. Morgan's Last Love;0;0.0
Rust and Bone (De rouille et d'os);0;0.0
Shaolin Temple The (Shao Lin Si);0;0.0
Ice Age Columbus: Who Were the First Americans?;0;0.0
If Lucy Fell;0;0.0
Face to Face (Ansikte mot ansikte);0;0.0
Guide The (O Xenagos);0;0.0
Trials of Muhammad Ali The;0;0.0
2:37;0;0.0
Corky Romano;0;0.0
So Ends Our Night;0;0.0
Ben;0;0.0
Pornography (Pornografia);0;0.0
Battle Royale (Batoru rowaiaru);0;0.0
Gen-Y Cops (Te jing xin ren lei 2) (Gen-X Cops 2: Metal Mayhem) (Metal Mayhem);0;0.0
Sleuth;0;0.0
Painted Veil The;0;0.0
Other End of the Line The;0;0.0
Montana;0;0.0
24 Hour Woman The;0;0.0
D.E.B.S.;0;0.0
Damsels in Distress;0;0.0
Bad Ass;0;0.0
Hellgate;0;0.0
Starfighters The;0;0.0
Time That Remains The;0;0.0
This Film Is Not Yet Rated;0;0.0
Demons 2 (Dèmoni 2... l'incubo ritorna);0;0.0
Lost in the Desert;0;0.0
Safety of Objects The;0;0.0
Into the Forest of Fireflies' Light;0;0.0
Kill Bill: Vol. 2;0;0.0
Live-In Maid (Cama adentro);0;0.0
Finding North;0;0.0
Seoul Searching;0;0.0
Secrets of Eden;0;0.0
Nothing Personal;0;0.0
Billy Blazes Esq.;0;0.0
Super 8 Stories;0;0.0
Family The (Famiglia La);0;0.0
I'm Gonna Explode (a.k.a. I'm Going to Explode) (Voy a explotar);0;0.0
Soldier The;0;0.0
Lethal Weapon 4;0;0.0
Suspended Vocation The (La vocation suspendue);0;0.0
Ways to Live Forever;0;0.0
Click;0;0.0
Thin Line Between Love and Hate A;0;0.0
Garden of Eden The;0;0.0
Koyaanisqatsi (a.k.a. Koyaanisqatsi: Life Out of Balance);0;0.0
Changeling;0;0.0
Confidential Report;0;0.0
Drive Hard;0;0.0
Small Faces;0;0.0
Incendies;0;0.0
Yamla Pagla Deewana 2;0;0.0
Takedown: The DNA of GSP;0;0.0
Princess for Christmas A;0;0.0
Rocket Gibraltar;0;0.0
The Cabin in the Cotton;0;0.0
Running With Scissors;0;0.0
Long Day's Journey Into Night;0;0.0
The Other Side of the Mountain;0;0.0
Flamenco (de Carlos Saura);0;0.0
Chicago 8 The;0;0.0
Dead Reckoning;0;0.0
Roberta;0;0.0
12 O'Clock Boys;0;0.0
Hysterical Blindness;0;0.0
Incredible Shrinking Woman The;0;0.0
Trip to Mars A;0;0.0
Potiche;0;0.0
Bread Love and Dreams (Pane amore e fantasia);0;0.0
Ellie Parker;0;0.0
Thin Blue Lie The;0;0.0
Dear Jesse;0;0.0
Adventurer: The Curse of the Midas Box The;0;0.0
Through a Glass Darkly (Såsom i en spegel);0;0.0
Shutter;0;0.0
Chameleon (Kaméleon);0;0.0
Wonderful World of the Brothers Grimm The;0;0.0
Secret Admirer;0;0.0
American Heart;0;0.0
Rage in Harlem A;0;0.0
Cast a Giant Shadow;0;0.0
Goodbye Mr. Chips;0;0.0
Last Kiss The (Ultimo bacio L');0;0.0
Young Ones;0;0.0
Not as a Stranger;0;0.0
Boy Friend The;0;0.0
Death by Hanging (Koshikei);0;0.0
The Fighting 69th;0;0.0
Dragonfly;0;0.0
Handsome Harry;0;0.0
Desert of Forbidden Art The;0;0.0
Russell Peters: The Green Card Tour - Live from the O2 Arena;0;0.0
I Became a Criminal (They Made Me a Fugitive);0;0.0
Maze Runner The;0;0.0
Wirey Spindell;0;0.0
Restless (Uro);0;0.0
Pebble and the Penguin The;0;0.0
Lawrence of Arabia;0;0.0
7 Dwarves: The Forest Is Not Enough;0;0.0
XIII: The Conspiracy;0;0.0
Passion Flower;0;0.0
Decoy Bride The;0;0.0
Love In the Time of Money;0;0.0
Scanner Darkly A;0;0.0
Only Lovers Left Alive;0;0.0
Passeio com Johnny Guitar;0;0.0
Goodnight Mister Tom;0;0.0
Follow That Dream;0;0.0
Conserva Acabada;0;0.0
Take The;0;0.0
Waydowntown;0;0.0
Don't Blink;0;0.0
Violets Are Blue...;0;0.0
I Accuse;0;0.0
Place Promised in Our Early Days The (Kumo no mukô yakusoku no basho);0;0.0
Who's Your Caddy?;0;0.0
Tomcats;0;0.0
Other Boleyn Girl The;0;0.0
Prime Cut;0;0.0
Romeo and Juliet;0;0.0
I Am You (In Her Skin);0;0.0
Ashes The (Popioly);0;0.0
Wrestling Ernest Hemingway;0;0.0
Company of Wolves The;0;0.0
Burton and Taylor;0;0.0
Tevye;0;0.0
No habrá paz para los malvados;0;0.0
Style Wars;0;0.0
Bible The (a.k.a. Bible... In the Beginning The);0;0.0
Percy Jackson: Sea of Monsters;0;0.0
My Rainy Days;0;0.0
Drive Me Crazy;0;0.0
Kitty;0;0.0
Food of the Gods II;0;0.0
Into the Blue;0;0.0
Hannibal Rising;0;0.0
Brimstone and Treacle;0;0.0
Battleground;0;0.0
Times of Harvey Milk The;0;0.0
Rhapsody in August (Hachi-gatsu no kyôshikyoku);0;0.0
Grown Ups 2;0;0.0
Season For Assassins;0;0.0
Common Man A;0;0.0
Hickey and Boggs;0;0.0
Kite Runner The;0;0.0
Silk;0;0.0
Expendables 2 The;0;0.0
Simon of the Desert (Simón del desierto);0;0.0
47  Ronin (Shijûshichinin no shikaku);0;0.0
Cape Fear;0;0.0
Everyone Says I Love You;0;0.0
Overboard;0;0.0
All in a Night's Work;0;0.0
Pianomania;0;0.0
Soldier Blue;0;0.0
The Appointments of Dennis Jennings;0;0.0
Naked Man The;0;0.0
Thief Lord The;0;0.0
Black Coal Thin Ice (Bai ri yan huo);0;0.0
Innkeepers The;0;0.0
Amira & Sam;0;0.0
Let No Man Write My Epitaph;0;0.0
Simple Life of Noah Dearborn The;0;0.0
Scooby-Doo! WrestleMania Mystery;0;0.0
Chasing Papi (a.k.a. Papi Chulo);0;0.0
Tales from the Crypt Presents: Bordello of Blood;0;0.0
I The Jury;0;0.0
Visions of Light: The Art of Cinematography;0;0.0
Keeper of the Flame;0;0.0
Sam Peckinpah: Man of Iron;0;0.0
Space Battleship Yamato;0;0.0
Mariachi El;0;0.0
Jar The (Khomreh);0;0.0
Wild The;0;0.0
Lady Dragon;0;0.0
Voyager (Homo Faber);0;0.0
Trespass;0;0.0
Cool Ones The;0;0.0
Creature Comforts;0;0.0
Hercules in New York;0;0.0
Big Brown Eyes;0;0.0
Chocolate Soldier The;0;0.0
Future Cops (Chao ji xue xiao ba wang);0;0.0
To End All Wars;0;0.0
Trouble Bound;0;0.0
Julie;0;0.0
Dead Fury;0;0.0
Loves of Carmen The;0;0.0
Kid The;0;0.0
Halls of Montezuma;0;0.0
The .44 Specialist;0;0.0
Blue Crush;0;0.0
Modify ;0;0.0
Spooner;0;0.0
In the Name of the King: A Dungeon Siege Tale;0;0.0
Knot The;0;0.0
Wild Bill;0;0.0
Kid Galahad;0;0.0
World Unseen The;0;0.0
Place of One's Own A;0;0.0
Big Year The;0;0.0
Assassination Bureau The;0;0.0
Anna and the King;0;0.0
Invasion U.S.A.;0;0.0
Forbidden Door (Pintu Terlarang);0;0.0
Five Minarets in New York (Act of Vengeance) (Terrorist The);0;0.0
Gridiron Gang;0;0.0
Shadows of Our Forgotten Ancestors (Tini zabutykh predkiv);0;0.0
Memories of Matsuko (Kiraware Matsuko no isshô);0;0.0
Winterhawk;0;0.0
Sabotage;0;0.0
Repast (Meshi);0;0.0
Swindle The (Rien ne va plus);0;0.0
Snowpiercer;0;0.0
Boys Life 2;0;0.0
Road to Perdition;0;0.0
Sleep Room The;0;0.0
Pastoral Hide and Seek (Den-en ni shisu);0;0.0
Tom and Huck;0;0.0
Fantastic Flesh: The Art of Make-Up EFX;0;0.0
Burning The;0;0.0
1 2 3 Sun (Un deuz trois soleil);0;0.0
Theatre of Blood;0;0.0
Homegrown;0;0.0
All Access;0;0.0
Oxy-Morons;0;0.0
Camilla;0;0.0
Up in the Air;0;0.0
Kawa;0;0.0
Throw Down (Yau doh lung fu bong);0;0.0
Cooperstown;0;0.0
Red Tent The (Krasnaya palatka);0;0.0
Home Alone: The Holiday Heist;0;0.0
Without a Paddle: Nature's Calling;0;0.0
Kung Fu Panda 2;0;0.0
Key Largo;0;0.0
Monster;0;0.0
Silver Chalice The;0;0.0
For the Love of Benji;0;0.0
Tom and Huck;0;0.0
Prophet The Gold and the Transylvanians The (Profetul aurul si Ardelenii);0;0.0
Blob The;0;0.0
Bandidas;0;0.0
Quiet Chaos (Caos calmo);0;0.0
Boy of the Streets;0;0.0
And the Band Played On;0;0.0
Hunting of the President The;0;0.0
Every Which Way But Loose;0;0.0
R.S.V.P. ;0;0.0
Price of Forgiveness The (Ndeysaan);0;0.0
Rockers;0;0.0
Parents;0;0.0
Good bye Lenin!;0;0.0
Cannonball;0;0.0
Game of Death The (Le Jeu de la Mort);0;0.0
Adventures of Sharkboy and Lavagirl 3-D The;0;0.0
Page of Madness A (Kurutta ippêji);0;0.0
Taking Sides;0;0.0
Bright Star;0;0.0
Kalevala - Uusi aika;0;0.0
Second Time Around The;0;0.0
Daisies (Sedmikrasky);0;0.0
Charlie Chan in Shanghai;0;0.0
Airport;0;0.0
V/H/S;0;0.0
Mighty Macs The;0;0.0
What Have I Done to Deserve This? (¿Qué he hecho yo para merecer esto!!);0;0.0
Sadie Thompson;0;0.0
Endurance;0;0.0
Seconds Apart ;0;0.0
Intruders;0;0.0
Great Ziegfeld The;0;0.0
Fiston;0;0.0
Bill Hicks: Revelations;0;0.0
Thunder Bay;0;0.0
End of the Game (Der Richter und sein Henker);0;0.0
Frequently Asked Questions About Time Travel;0;0.0
The Roots of Heaven;0;0.0
Other People's Money;0;0.0
Molly Maxwell;0;0.0
Samson and Delilah;0;0.0
Gloria;0;0.0
Buddy;0;0.0
Helter Skelter;0;0.0
Shakespeare High;0;0.0
Statement The;0;0.0
Believe Me;0;0.0
Showdown in Little Tokyo;0;0.0
I've Loved You So Long (Il y a longtemps que je t'aime);0;0.0
Cable Guy The;0;0.0
Arrival of a Train The;0;0.0
Muertos Los;0;0.0
Spirit of the Beehive The (Espíritu de la colmena El);0;0.0
Helvetica;0;0.0
Live and Become (Va vis et deviens);0;0.0
Best in Show;0;0.0
Killing Lincoln;0;0.0
Nibelungen: Kriemhild's Revenge Die (Die Nibelungen: Kriemhilds Rache);0;0.0
The Shoe;0;0.0
Train of Life (Train de vie);0;0.0
Bon Cop Bad Cop;0;0.0
Tapestries of Hope;0;0.0
Snowpiercer;0;0.0
Oceans (Océans);0;0.0
Stargate;0;0.0
Jane Eyre;0;0.0
8: The Mormon Proposition;0;0.0
Melbourne;0;0.0
Cup The (Phörpa);0;0.0
Square The (Al Midan);0;0.0
Food of Love (Manjar de Amor);0;0.0
Frontrunners;0;0.0
Adios Sabata;0;0.0
City Hall;0;0.0
Riding the Bullet;0;0.0
Tabu;0;0.0
Fan The;0;0.0
Love Actually;0;0.0
Night of the Day of the Dawn of the Son of the Bride of the Return of the Terror;0;0.0
Dead Outside The;0;0.0
The Boys;0;0.0
Countdown to Zero;0;0.0
Ear The (Ucho);0;0.0
House of Cards;0;0.0
Time Traveler's Wife The;0;0.0
5th Musketeer The (a.k.a. Fifth Musketeer The);0;0.0
Target Shoots First The;0;0.0
Being Flynn;0;0.0
Outsiders (Ceddo);0;0.0
Constant Nymph The;0;0.0
Prisoner of Paradise;0;0.0
The Lazarus Effect;0;0.0
Unlawful Killing;0;0.0
Bugsy Malone;0;0.0
Purple Gang The;0;0.0
Legend of Bigfoot The;0;0.0
Phat Girlz;0;0.0
Battle Royale 2: Requiem (Batoru rowaiaru II: Chinkonka);0;0.0
Spice World;0;0.0
Detective (Détective);0;0.0
1;0;0.0
There's a Girl in My Soup;0;0.0
Caveman's Valentine The;0;0.0
To Grandmother's House We Go;0;0.0
Freddy's Dead: The Final Nightmare (Nightmare on Elm Street Part 6: Freddy's Dead A);0;0.0
Lawless;0;0.0
Point Break;0;0.0
Family Affair ;0;0.0
Forgiving Dr. Mengele;0;0.0
Stand by for Action;0;0.0
Not Without My Daughter;0;0.0
Scared Shrekless;0;0.0
Children of the Corn 666: Isaac's Return;0;0.0
Ghostmaker The (Box of Shadows);0;0.0
Whole Nine Yards The;0;0.0
Horse's Mouth The;0;0.0
Helicopter String Quartet;0;0.0
Highly Dangerous;0;0.0
Asphyx The;0;0.0
American Son;0;0.0
Inherit the Wind;0;0.0
Saving Sarah Cain;0;0.0
Accused The;0;0.0
Caine (Shark!);0;0.0
Metal: A Headbanger's Journey;0;0.0
Zebra Lounge;0;0.0
Comic Book Villains;0;0.0
Shadow of Angels (Schatten der Engel);0;0.0
Gorilla The;0;0.0
Amazing Journey: The Story of The Who;0;0.0
Ivory Tower;0;0.0
All In: The Poker Movie;0;0.0
Conversation with Gregory Peck A;0;0.0
Super Capers;0;0.0
The Key;0;0.0
Vexille (Bekushiru: 2077 Nihon sakoku);0;0.0
An Evening with Robin Williams;0;0.0
Stray Dogs;0;0.0
Lathe of Heaven The;0;0.0
Mr. Warmth: The Don Rickles Project;0;0.0
One Man's Hero;0;0.0
Fantastic Four: Rise of the Silver Surfer;0;0.0
Camille Claudel 1915;0;0.0
Elvis: That's the Way It Is;0;0.0
Chasing Ghosts: Beyond the Arcade ;0;0.0
Thousand Clowns A;0;0.0
Land and Freedom (Tierra y libertad);0;0.0
Dracula A.D. 1972;0;0.0
Lad: A Dog;0;0.0
First on the Moon (Pervye na Lune);0;0.0
Last Polka The;0;0.0
General The;0;0.0
One Night with the King;0;0.0
Satan's Blood (Escalofrío);0;0.0
Dampfnudelblues;0;0.0
Cremaster 2;0;0.0
Beast of Yucca Flats The;0;0.0
Hotel Terminus: The Life and Times of Klaus Barbie (Hôtel Terminus);0;0.0
Trou Le (Hole The) (Night Watch The);0;0.0
Bounce: Behind the Velvet Rope;0;0.0
Moulin Rouge;0;0.0
Lust for Life;0;0.0
Road Games (a.k.a. Roadgames);0;0.0
Conformist The (Conformista Il);0;0.0
Rampart;0;0.0
Business as Usual;0;0.0
Pursuit of Unhappiness The (Anleitung zum Unglücklichsein);0;0.0
Rodan (Sora no daikaijû Radon);0;0.0
Grand Maneuver The (Les grandes manoeuvres);0;0.0
Love and Sex under Nazi Occupation (Amour et sexe sous l'occupation) ;0;0.0
Out of the Past;0;0.0
Volver;0;0.0
Green Zone;0;0.0
Journey to the Sun (Günese yolculuk);0;0.0
Starship Troopers;0;0.0
Monte Carlo;0;0.0
Slugger's Wife The;0;0.0
The Overnight;0;0.0
Underworld;0;0.0
My Side of the Mountain;0;0.0
Boys Diving Honolulu;0;0.0
Gremlins 2: The New Batch;0;0.0
Inside Deep Throat;0;0.0
Desperados The;0;0.0
Journey to the Far Side of the Sun (a.k.a. Doppelgänger);0;0.0
Calamity Jane;0;0.0
On Any Sunday;0;0.0
Zatoichi the Fugitive (Zatôichi kyôjô-tabi) (Zatôichi 4);0;0.0
Winter Soldier;0;0.0
7th Dawn The;0;0.0
Roman;0;0.0
On the Riviera;0;0.0
Swamp Shark;0;0.0
This Christmas;0;0.0
Most Hated Family in America The;0;0.0
Our Children (À perdre la raison);0;0.0
Red Corner;0;0.0
Risky Business;0;0.0
Skyline;0;0.0
Jacknife;0;0.0
Very Potter Musical A;0;0.0
Saragossa Manuscript The (Rekopis znaleziony w Saragossie);0;0.0
Lady and the Tramp;0;0.0
Tukkijoella;0;0.0
Thief of Bagdad The;0;0.0
Spring Break Shark Attack;0;0.0
Shark Attack;0;0.0
Food of Love (Manjar de Amor);0;0.0
10 Questions for the Dalai Lama;0;0.0
Sunlight Jr.;0;0.0
388 Arletta Avenue;0;0.0
Shadows Over Chinatown;0;0.0
Mouse on the Moon The;0;0.0
Native Son;0;0.0
Harvey;0;0.0
Murder She Said;0;0.0
Limits of Control The;0;0.0
Van Gogh;0;0.0
Rough Riders;0;0.0
Asterix and the Vikings (Astérix et les Vikings);0;0.0
Gangster No. 1;0;0.0
Dangerous Man A;0;0.0
Getaway The;0;0.0
Here be Dragons;0;0.0
Becoming Chaz;0;0.0
Last Hurrah The;0;0.0
Just Around the Corner;0;0.0
99 and 44/100% Dead;0;0.0
Measuring the World (Die Vermessung der Welt);0;0.0
Official Story The (La historia oficial);0;0.0
Lost in Beijing (Ping guo);0;0.0
Brooklyn;0;0.0
First Nudie Musical The;0;0.0
This Gun for Hire;0;0.0
Hotel Pacific (Zaklete rewiry);0;0.0
Good Copy Bad Copy;0;0.0
Homicide;0;0.0
Love;0;0.0
Nirvana;0;0.0
Slam;0;0.0
Hypnotist The (Hypnotisören);0;0.0
Superclásico;0;0.0
Finding Nemo;0;0.0
Justice League: The New Frontier ;0;0.0
Roberta;0;0.0
Seven-Per-Cent Solution The;0;0.0
Dead Genesis;0;0.0
1066;0;0.0
Midsummer Night's Dream A;0;0.0
42nd Street;0;0.0
Charley Varrick;0;0.0
Reign Over Me;0;0.0
Captain Video: Master of the Stratosphere;0;0.0
Pokémon the Movie 2000;0;0.0
Four more years (Fyra år till);0;0.0
Senso;0;0.0
Passenger Side;0;0.0
Hen his wife;0;0.0
Parasomnia;0;0.0
Crash;0;0.0
American Tail: Fievel Goes West An;0;0.0
Unexpected;0;0.0
Clockwork Orange A;0;0.0
Tattoo Nation;0;0.0
Time of Eve (Eve no jikan);0;0.0
Secret Life of Walter Mitty The;0;0.0
Paprika (Papurika);0;0.0
Man Who Would Be King The;0;0.0
Twenty Bucks;0;0.0
Conan the Destroyer;0;0.0
8 ½ Women (a.k.a. 8 1/2 Women) (a.k.a. Eight and a Half Women);0;0.0
Profound Desires of the Gods (Kamigami no fukaki yokubo) ;0;0.0
Unforgiven The;0;0.0
Heart in Winter A (Un coeur en hiver);0;0.0
Bikini Spring Break (Revenge of the Nerds' Bikini Spring Break);0;0.0
Take a Giant Step;0;0.0
Man on a Ledge;0;0.0
Thunderbird Six;0;0.0
Breathless;0;0.0
Jar City (Mýrin);0;0.0
Kiss Me Kate;0;0.0
One in the Chamber;0;0.0
Kon-Tiki;0;0.0
Black Magic Rites & the Secret Orgies of the 14th Century (Riti magie nere e segrete orge nel trecento...);0;0.0
Chan Is Missing;0;0.0
Kids Are All Right The;0;0.0
Nas: Time Is Illmatic;0;0.0
Stars Above;0;0.0
30 Minutes or Less;0;0.0
Confidentially Connie;0;0.0
Welcome to the Jungle;0;0.0
Love and Lemons (Små citroner gula);0;0.0
Bonneville;0;0.0
Match Point;0;0.0
Quiet Ones The;0;0.0
Buried;0;0.0
American Outlaws;0;0.0
Just Add Water;0;0.0
Bounce: Behind the Velvet Rope;0;0.0
Expelled: No Intelligence Allowed;0;0.0
Early Years: Erik Nietzsche Part 1 The (De unge år: Erik Nietzsche);0;0.0
Camille Claudel 1915;0;0.0
Adoration;0;0.0
Wild Hunt The;0;0.0
Amityville Curse The;0;0.0
Ruggles of Red Gap;0;0.0
White Sands;0;0.0
Billy Elliot;0;0.0
Hoodwinked Too! Hood vs. Evil;0;0.0
Murder in the First;0;0.0
Folks!;0;0.0
Greed;0;0.0
Camino;0;0.0
Suez;0;0.0
Bonsái;0;0.0
CJ7 (Cheung Gong 7 hou);0;0.0
The Trial of Lee Harvey Oswald;0;0.0
Sunset Blvd. (a.k.a. Sunset Boulevard);0;0.0
Linsanity;0;0.0
Band's Visit The (Bikur Ha-Tizmoret);0;0.0
2001: A Space Odyssey;0;0.0
Fantomas vs. Scotland Yard;0;0.0
Up the River;0;0.0
Whoregasm;0;0.0
Follow Me Quietly;0;0.0
Blonde Crazy;0;0.0
Chinese Puzzle (Casse-tête chinois);0;0.0
Two English Girls (Les deux anglaises et le continent);0;0.0
Sex and Zen (Rou pu Tuan zhi tou Qing bao Jian);0;0.0
Troy;0;0.0
Play Girl;0;0.0
Lady Snowblood (Shurayukihime);0;0.0
C.H.O.M.P.S.;0;0.0
Strange Little Cat The (Das merkwürdige Kätzchen);0;0.0
Tapped;0;0.0
Conscientious Objector The;0;0.0
Always Tell Your Wife;0;0.0
Centenarian Who Climbed Out the Window and Vanished The (Hundraåringen som klev ut genom fönstret och försvann);0;0.0
Where the Heart Is;0;0.0
I Am a Fugitive from a Chain Gang;0;0.0
Dark Angel The;0;0.0
Bitch Slap;0;0.0
Dead Heat on a Merry-Go-Round;0;0.0
Fool There Was A;0;0.0
Life is a Miracle (Zivot je cudo);0;0.0
Chronic Town;0;0.0
Recruiter The;0;0.0
Ip Man: The Final Fight;0;0.0
Mother Wore Tights;0;0.0
Save the Last Dance;0;0.0
Wind The;0;0.0
Budd Boetticher: A Man Can Do That;0;0.0
Kamikaze Girls (Shimotsuma monogatari);0;0.0
Out of Sight;0;0.0
Laputa: Castle in the Sky (Tenkû no shiro Rapyuta);0;0.0
Good Guy The;0;0.0
Tortured The;0;0.0
Spy in Black The;0;0.0
Forever Amber;0;0.0
Solarbabies;0;0.0
One Way Boogie Woogie;0;0.0
Nobody Knows Anything!;0;0.0
Aftershock (Tangshan dadizhen);0;0.0
Primary;0;0.0
HealtH;0;0.0
Bachelor Weekend The;0;0.0
Laffghanistan: Comedy Down Range;0;0.0
Chu Chin Chow;0;0.0
Igor;0;0.0
White Dog;0;0.0
Wrong Turn;0;0.0
Private Benjamin;0;0.0
Party The;0;0.0
Gimme Shelter;0;0.0
Ron Clark Story The;0;0.0
Upside Down;0;0.0
Three of Hearts;0;0.0
Hiding Cot (Piilopirtti);0;0.0
Killing Machine The (Icarus);0;0.0
Murder on Flight 502;0;0.0
Gummo;0;0.0
Mar Baum;0;0.0
Young Poisoner's Handbook The;0;0.0
Crazy Horse;0;0.0
After Midnight;0;0.0
Hit and Run (Hit & Run);0;0.0
Set It Off;0;0.0
American Samurai (Ninja: American Samurai);0;0.0
Tony Takitani;0;0.0
Dirty Pretty Things;0;0.0
Goodnight Mister Tom;0;0.0
The Violent Enemy;0;0.0
The Trap;0;0.0
Haunted Castle;0;0.0
Melody Time;0;0.0
Time to Love and a Time to Die A;0;0.0
Drunken Master (Jui kuen);0;0.0
Into the Abyss;0;0.0
Down From the Mountain;0;0.0
Song of Sparrows The (Avaze gonjeshk-ha);0;0.0
Night of the Zombies (a.k.a. Hell of the Living Dead) (Virus);0;0.0
Death Race 2;0;0.0
Impulse;0;0.0
Malta G.C.;0;0.0
Million to Juan A;0;0.0
The Hellions;0;0.0
Diamond Dogs;0;0.0
Day After The;0;0.0
Broken Sky (El cielo dividido);0;0.0
Parisian Love;0;0.0
Mr. Bug Goes to Town (a.k.a. Hoppity Goes to Town);0;0.0
Sunlight Jr.;0;0.0
Tyler Perrys A Madea Christmas;0;0.0
When in Rome;0;0.0
New York Minute;0;0.0
Longest Day The;0;0.0
About Adam;0;0.0
In Gold We Trust (600 kilos d'or pur);0;0.0
Benjamin Blümchen - Seine schönsten Abenteuer;0;0.0
Joe and Max;0;0.0
Vesna va veloce;0;0.0
Conspirator The;0;0.0
Island in the Sun;0;0.0
Around the World Under the Sea;0;0.0
Good Old Daze (Le péril jeune);0;0.0
Hard to Kill;0;0.0
Teknolust;0;0.0
Survive Style 5+;0;0.0
Letting Go of God;0;0.0
Angels in America;0;0.0
Book of Stars The;0;0.0
Indiana Jones and the Kingdom of the Crystal Skull;0;0.0
Class of 1999 II: The Substitute;0;0.0
Up!;0;0.0
Apple Dumpling Gang Rides Again The;0;0.0
Turkish Delight (Turks fruit);0;0.0
Moon Child;0;0.0
Reversal of Fortune;0;0.0
Shanghai Noon;0;0.0
Jingle All the Way 2;0;0.0
Best of Ernie and Bert The;0;0.0
Tender Is the Night;0;0.0
Rosvo Roope;0;0.0
Cool World The;0;0.0
In the Name of the King: A Dungeon Siege Tale;0;0.0
Change of Address (Changement d'adresse);0;0.0
One I Love The;0;0.0
Uncle Boonmee Who Can Recall His Past Lives (Loong Boonmee raleuk chat);0;0.0
Off Limits;0;0.0
Dillinger and Capone;0;0.0
Angels & Demons;0;0.0
Trinity: Gambling for High Stakes (Odds and Evens) (Pari e dispari);0;0.0
Burn Up!;0;0.0
Let Me In;0;0.0
Visitor The;0;0.0
burbs The;0;0.0
Hand of Death The (Shao Lin men);0;0.0
Indestructible Man;0;0.0
From Paris with Love;0;0.0
Szamanka;0;0.0
Taxi to the Dark Side;0;0.0
Lola (Twinky) (London Affair);0;0.0
Better Tomorrow II A (Ying hung boon sik II);0;0.0
If You Love (Jos rakastat);0;0.0
War of the Worlds 2: The Next Wave;0;0.0
Bloodtide;0;0.0
Deathstalker II;0;0.0
Morgan!;0;0.0
Happiest Days of Your Life The;0;0.0
Home Alone 4;0;0.0
Awful Truth The;0;0.0
Drop Dead Fred;0;0.0
Lincz;0;0.0
Skyjacked;0;0.0
Thousands Cheer;0;0.0
Meantime;0;0.0
Gloria;0;0.0
All About Steve;0;0.0
Ted Bundy;0;0.0
Gleason;0;0.0
"Mists of Avalon The;0;0.0
Situation The;0;0.0
Things You Can Tell Just by Looking at Her;0;0.0
Bebe's Kids;0;0.0
Blackbird The;0;0.0
Go Go Tales;0;0.0
Keith;0;0.0
Hiroshima;0;0.0
History of the Eagles;0;0.0
Perfumed Nightmare;0;0.0
Great Expectations;0;0.0
Beyond Bedlam;0;0.0
Lodger: A Story of the London Fog The;0;0.0
Charlie Chan in Egypt;0;0.0
Haunter;0;0.0
Hollywood Shuffle;0;0.0
The Case of the Scorpion's Tail;0;0.0
Takers;0;0.0
Pokémon Origins;0;0.0
Gray Lady Down;0;0.0
Stupid Boy (Garçon stupide);0;0.0
Australian Atomic Confessions;0;0.0
Black Girl (La noire de...);0;0.0
The Last Farm;0;0.0
Land Without Bread (Hurdes tierra sin pan Las);0;0.0
Idiot Returns The (Návrat idiota);0;0.0
Land Ho!;0;0.0
Gloria;0;0.0
Ready to Rumble;0;0.0
Streets of Blood;0;0.0
D3: The Mighty Ducks;0;0.0
Alien³ (a.k.a. Alien 3);0;0.0
How to Be a Player;0;0.0
Legendary Weapons of China;0;0.0
Nobody Knows Anything!;0;0.0
Get Carter;0;0.0
Versailles;0;0.0
Set Me Free (Emporte-moi);0;0.0
Station The (Blutgletscher);0;0.0
Confession;0;0.0
To Begin Again (a.k.a. Starting Over) (Volver a Empezar);0;0.0
Guardian The;0;0.0
Arthur;0;0.0
Won't Back Down;0;0.0
Heiress The;0;0.0
No End (Bez konca);0;0.0
Bandit The (Eskiya);0;0.0
This World Then the Fireworks;0;0.0
Hop;0;0.0
Michael;0;0.0
Quiz Show;0;0.0
Finding a Family;0;0.0
Double Life A;0;0.0
Object of My Affection The;0;0.0
Wit;0;0.0
Rembrandt;0;0.0
Deadly Advice;0;0.0
Elephant in the Living Room The;0;0.0
Mosquito Coast The;0;0.0
Restless Souls (Bag det stille ydre);0;0.0
The Woodcarver;0;0.0
Corn Is Green The;0;0.0
On My Way (Elle s'en va);0;0.0
Muppets From Space;0;0.0
Cirque du Soleil: Varekai;0;0.0
Fabulous Baker Boys The;0;0.0
Jindabyne;0;0.0
Bonjour tristesse;0;0.0
Memento;0;0.0
I Saw the Devil (Akmareul boatda);0;0.0
Drop Dead Fred;0;0.0
Grim Reaper;0;0.0
The Iron Commissioner;0;0.0
West of Memphis;0;0.0
She Had to Say Yes;0;0.0
Lesbian Vampire Killers;0;0.0
Mickey One;0;0.0
Jesus of Montreal (Jésus de Montréal);0;0.0
Melvin Goes to Dinner;0;0.0
Dragonquest;0;0.0
Much Ado About Nothing;0;0.0
Bride Flight;0;0.0
Mr. Denning Drives North;0;0.0
Top Dog;0;0.0
Condemned The;0;0.0
Charley Varrick;0;0.0
Liberal Arts;0;0.0
Descendants The;0;0.0
Enemy of the State;0;0.0
Possession;0;0.0
Hitch Hike (Autostop rosso sangue) (Naked Prey The);0;0.0
Nobody Walks;0;0.0
Town Without Pity;0;0.0
Private Lives of Pippa Lee The;0;0.0
Judgement in Stone A (Cérémonie La);0;0.0
Planet Terror;0;0.0
Final Conflict The (a.k.a. Omen III: The Final Conflict);0;0.0
Steel;0;0.0
Stage Fright (Deliria);0;0.0
Leprechaun;0;0.0
Tiger and the Snow The (La tigre e la neve);0;0.0
Mask;0;0.0
Better Luck Tomorrow;0;0.0
Locke;0;0.0
Cabaret;0;0.0
Loving Leah;0;0.0
Terminator 2: Judgment Day;0;0.0
Headhunter's Sister The;0;0.0
Show People;0;0.0
Streetcar Named Desire A;0;0.0
Amadeus;0;0.0
Interior. Leather Bar.;0;0.0
Out of the Blue;0;0.0
Adventures of Huckleberry Finn The;0;0.0
Slave Girls (Prehistoric Women);0;0.0
It's Always Fair Weather;0;0.0
Cyrano de Bergerac;0;0.0
Benjamin Blümchen - Seine schönsten Abenteuer;0;0.0
Miss Kicki;0;0.0
Stardust;0;0.0
Beyond the Mat;0;0.0
Ronde La;0;0.0
Swing Shift;0;0.0
Jackpot 2;0;0.0
7th Heaven (Seventh Heaven);0;0.0
Lamerica;0;0.0
Anita;0;0.0
Shawshank Redemption The;0;0.0
Water for Elephants;0;0.0
Why Stop Now;0;0.0
A Via Láctea;0;0.0
River The;0;0.0
Face (Visage);0;0.0
The Inner Circle;0;0.0
Little Vampire The;0;0.0
Winner The;0;0.0
Encore;0;0.0
Bad News Bears Go to Japan The;0;0.0
Story of My Life The (Mensonges et trahisons et plus si affinités...);0;0.0
Good The Bad The Weird The (Joheunnom nabbeunnom isanghannom);0;0.0
Hesher;0;0.0
St. George Shoots the Dragon (Sveti Georgije ubiva azdahu);0;0.0
Of Time and the City;0;0.0
Melinda and Melinda;0;0.0
Dragon Ball: The Curse Of The Blood Rubies (Doragon bôru: Shenron no densetsu);0;0.0
Blackout (Murder by Proxy);0;0.0
The Cobbler;0;0.0
Babe;0;0.0
Lianna;0;0.0
Black Windmill The;0;0.0
Killing Words (Palabras encadenadas);0;0.0
Story of Louis Pasteur The;0;0.0
The Plague of the Zombies;0;0.0
Swing Kids;0;0.0
Bridge to the Sun;0;0.0
Game of Chance (Onnenpeli);0;0.0
State of Siege (État de siège);0;0.0
Sergeant Rutledge;0;0.0
Beyond Silence (Jenseits der Stille);0;0.0
I Travel Alone;0;0.0
What's the Worst That Could Happen?;0;0.0
Lords of Dogtown;0;0.0
Sheriff and the Satellite Kid The;0;0.0
Hunting and Gathering (Ensemble c'est tout);0;0.0
Dark Days;0;0.0
Then I Sentenced Them All to Death (Atunci i-am condamnat pe toti la moarte);0;0.0
Raspberry Boat Refugee;0;0.0
Cousin cousine;0;0.0
Seven Invisible Men (Septyni nematomi zmones);0;0.0
JLG/JLG (JLG/JLG - autoportrait de décembre);0;0.0
You Ain't Seen Nothin' Yet (Vous n'avez encore rien vu);0;0.0
Child's Pose;0;0.0
Love with the Proper Stranger;0;0.0
Return of Mod Squad The;0;0.0
Judge The;0;0.0
Not Quite Hollywood: The Wild Untold Story of Ozploitation!;0;0.0
Shine of Rainbows A;0;0.0
The Deep Six;0;0.0
102 Dalmatians;0;0.0
Square Dance;0;0.0
Houseboat;0;0.0
Fallen Angels (Duo luo tian shi);0;0.0
Creation;0;0.0
Die Hard: With a Vengeance;0;0.0
Freeze Me;0;0.0
Long Weekend;0;0.0
Léolo;0;0.0
Fall From Grace;0;0.0
Intimate Relations;0;0.0
Brother of Sleep (Schlafes Bruder);0;0.0
I Love You Alice B. Toklas!;0;0.0
Club The;0;0.0
Downhill Racer;0;0.0
Theory of Everything The;0;0.0
Sunrise: A Song of Two Humans;0;0.0
Bells The;0;0.0
Thank You Jeeves!;0;0.0
Alice and Martin (Alice et Martin);0;0.0
How to Seduce Difficult Women;0;0.0
Singles;0;0.0
Staying Alive;0;0.0
Mr. Death: The Rise and Fall of Fred A. Leuchter Jr.;0;0.0
Ghost Son;0;0.0
Bothersome Man The (Brysomme mannen Den);0;0.0
Restaurant;0;0.0
Comes a Bright Day;0;0.0
Stone Cold;0;0.0
Powder;0;0.0
Men Who Tread on the Tiger's Tail The (Tora no o wo fumu otokotachi);0;0.0
Land That Time Forgot The;0;0.0
Colonel Redl (Oberst Redl);0;0.0
Meltdown (Shu dan long wei);0;0.0
Age of Consent;0;0.0
The Apocalypse;0;0.0
All the Invisible Children;0;0.0
Pont du Nord Le;0;0.0
Kuroneko (Black Cat from the Grove The) (Yabu no naka no kuroneko);0;0.0
Hard Way The;0;0.0
Grand Prix;0;0.0
Lady Oscar;0;0.0
Vanity Fair;0;0.0
Eva (a.k.a. Eve);0;0.0
Mother India;0;0.0
Camila;0;0.0
Mother and Son (Mat i syn);0;0.0
Sweet Evil (L'enfance du mal);0;0.0
American Virgin;0;0.0
Sacrament The;0;0.0
Summer Place A;0;0.0
American: The Bill Hicks Story;0;0.0
Scrooge;0;0.0
Pleasantville;0;0.0
Shut Up and Play the Hits;0;0.0
7 Women (a.k.a. Seven Women);0;0.0
Time Masters (Maîtres du temps Les);0;0.0
Nancy Drew;0;0.0
Assault on a Queen;0;0.0
Vizontele Tuuba;0;0.0
Look of Silence The;0;0.0
Cavalcade;0;0.0
The Road to Glory;0;0.0
Argentina latente;0;0.0
Spaced Invaders;0;0.0
Mascara;0;0.0
Stone of Destiny;0;0.0
Into the Sun;0;0.0
Gardenia;0;0.0
Blue in the Face;0;0.0
Late Spring (Banshun);0;0.0
Kinsey;0;0.0
Winchester '73;0;0.0
Savages;0;0.0
Silja - nuorena nukkunut;0;0.0
When Love Is Not Enough: The Lois Wilson Story;0;0.0
Halloween: Resurrection (Halloween 8);0;0.0
Musketeer The;0;0.0
Karate Kid The;0;0.0
Chapiteau-show (Shapito-shou);0;0.0
Meteor;0;0.0
Fish Story (Fisshu sutôrî);0;0.0
Iron Ladies The (Satree lek);0;0.0
She Done Him Wrong;0;0.0
Nothing Like the Holidays;0;0.0
Forgetting Sarah Marshall;0;0.0
Exterminator The;0;0.0
Animatrix The;0;0.0
Wiz The;0;0.0
Crimes and Misdemeanors;0;0.0
Rockabilly Vampire;0;0.0
Desperate Measures;0;0.0
Born to Fight;0;0.0
This Night I'll Possess Your Corpse (Esta Noite Encarnarei no Teu Cadáver);0;0.0
Asfour Stah;0;0.0
Up the River;0;0.0
They Won't Forget;0;0.0
All the King's Men;0;0.0
Purple Rose of Cairo The;0;0.0
Mr. Morgan's Last Love;0;0.0
Rust and Bone (De rouille et d'os);0;0.0
Shaolin Temple The (Shao Lin Si);0;0.0
Ice Age Columbus: Who Were the First Americans?;0;0.0
If Lucy Fell;0;0.0
Face to Face (Ansikte mot ansikte);0;0.0
Guide The (O Xenagos);0;0.0
Trials of Muhammad Ali The;0;0.0
2:37;0;0.0
Corky Romano;0;0.0
So Ends Our Night;0;0.0
Ben;0;0.0
Pornography (Pornografia);0;0.0
Battle Royale (Batoru rowaiaru);0;0.0
Gen-Y Cops (Te jing xin ren lei 2) (Gen-X Cops 2: Metal Mayhem) (Metal Mayhem);0;0.0
Sleuth;0;0.0
Painted Veil The;0;0.0
Other End of the Line The;0;0.0
Montana;0;0.0
24 Hour Woman The;0;0.0
D.E.B.S.;0;0.0
Damsels in Distress;0;0.0
Bad Ass;0;0.0
Hellgate;0;0.0
Starfighters The;0;0.0
Time That Remains The;0;0.0
This Film Is Not Yet Rated;0;0.0
Demons 2 (Dèmoni 2... l'incubo ritorna);0;0.0
Lost in the Desert;0;0.0
Safety of Objects The;0;0.0
Into the Forest of Fireflies' Light;0;0.0
Kill Bill: Vol. 2;0;0.0
Live-In Maid (Cama adentro);0;0.0
Finding North;0;0.0
Seoul Searching;0;0.0
Secrets of Eden;0;0.0
Nothing Personal;0;0.0
Billy Blazes Esq.;0;0.0
Super 8 Stories;0;0.0
Family The (Famiglia La);0;0.0
I'm Gonna Explode (a.k.a. I'm Going to Explode) (Voy a explotar);0;0.0
Soldier The;0;0.0
Lethal Weapon 4;0;0.0
Suspended Vocation The (La vocation suspendue);0;0.0
Ways to Live Forever;0;0.0
Click;0;0.0
Thin Line Between Love and Hate A;0;0.0
Garden of Eden The;0;0.0
Koyaanisqatsi (a.k.a. Koyaanisqatsi: Life Out of Balance);0;0.0
Changeling;0;0.0
Confidential Report;0;0.0
Drive Hard;0;0.0
Small Faces;0;0.0
Incendies;0;0.0
Yamla Pagla Deewana 2;0;0.0
Takedown: The DNA of GSP;0;0.0
Princess for Christmas A;0;0.0
Rocket Gibraltar;0;0.0
The Cabin in the Cotton;0;0.0
Running With Scissors;0;0.0
Long Day's Journey Into Night;0;0.0
The Other Side of the Mountain;0;0.0
Flamenco (de Carlos Saura);0;0.0
Chicago 8 The;0;0.0
Dead Reckoning;0;0.0
Roberta;0;0.0
12 O'Clock Boys;0;0.0
Hysterical Blindness;0;0.0
Incredible Shrinking Woman The;0;0.0
Trip to Mars A;0;0.0
Potiche;0;0.0
Bread Love and Dreams (Pane amore e fantasia);0;0.0
Ellie Parker;0;0.0
Thin Blue Lie The;0;0.0
Dear Jesse;0;0.0
Adventurer: The Curse of the Midas Box The;0;0.0
Through a Glass Darkly (Såsom i en spegel);0;0.0
Shutter;0;0.0
Chameleon (Kaméleon);0;0.0
Wonderful World of the Brothers Grimm The;0;0.0
Secret Admirer;0;0.0
American Heart;0;0.0
Rage in Harlem A;0;0.0
Cast a Giant Shadow;0;0.0
Goodbye Mr. Chips;0;0.0
Last Kiss The (Ultimo bacio L');0;0.0
Young Ones;0;0.0
Not as a Stranger;0;0.0
Boy Friend The;0;0.0
Death by Hanging (Koshikei);0;0.0
The Fighting 69th;0;0.0
Dragonfly;0;0.0
Handsome Harry;0;0.0
Desert of Forbidden Art The;0;0.0
Russell Peters: The Green Card Tour - Live from the O2 Arena;0;0.0
I Became a Criminal (They Made Me a Fugitive);0;0.0
Maze Runner The;0;0.0
Wirey Spindell;0;0.0
Restless (Uro);0;0.0
Pebble and the Penguin The;0;0.0
Lawrence of Arabia;0;0.0
7 Dwarves: The Forest Is Not Enough;0;0.0
XIII: The Conspiracy;0;0.0
Passion Flower;0;0.0
Decoy Bride The;0;0.0
Love In the Time of Money;0;0.0
Scanner Darkly A;0;0.0
Only Lovers Left Alive;0;0.0
Passeio com Johnny Guitar;0;0.0
Goodnight Mister Tom;0;0.0
Follow That Dream;0;0.0
Conserva Acabada;0;0.0
Take The;0;0.0
Waydowntown;0;0.0
Don't Blink;0;0.0
Violets Are Blue...;0;0.0
I Accuse;0;0.0
Place Promised in Our Early Days The (Kumo no mukô yakusoku no basho);0;0.0
Who's Your Caddy?;0;0.0
Tomcats;0;0.0
Other Boleyn Girl The;0;0.0
Prime Cut;0;0.0
Romeo and Juliet;0;0.0
I Am You (In Her Skin);0;0.0
Ashes The (Popioly);0;0.0
Wrestling Ernest Hemingway;0;0.0
Company of Wolves The;0;0.0
Burton and Taylor;0;0.0
Tevye;0;0.0
No habrá paz para los malvados;0;0.0
Style Wars;0;0.0
Bible The (a.k.a. Bible... In the Beginning The);0;0.0
Percy Jackson: Sea of Monsters;0;0.0
My Rainy Days;0;0.0
Drive Me Crazy;0;0.0
Kitty;0;0.0
Food of the Gods II;0;0.0
Into the Blue;0;0.0
Hannibal Rising;0;0.0
Brimstone and Treacle;0;0.0
Battleground;0;0.0
Times of Harvey Milk The;0;0.0
Rhapsody in August (Hachi-gatsu no kyôshikyoku);0;0.0
Grown Ups 2;0;0.0
Season For Assassins;0;0.0
Common Man A;0;0.0
Hickey and Boggs;0;0.0
Kite Runner The;0;0.0
Silk;0;0.0
Expendables 2 The;0;0.0
Simon of the Desert (Simón del desierto);0;0.0
47  Ronin (Shijûshichinin no shikaku);0;0.0
Cape Fear;0;0.0
Everyone Says I Love You;0;0.0
Overboard;0;0.0
All in a Night's Work;0;0.0
Pianomania;0;0.0
Soldier Blue;0;0.0
The Appointments of Dennis Jennings;0;0.0
Naked Man The;0;0.0
Thief Lord The;0;0.0
Black Coal Thin Ice (Bai ri yan huo);0;0.0
Innkeepers The;0;0.0
Amira & Sam;0;0.0
Let No Man Write My Epitaph;0;0.0
Simple Life of Noah Dearborn The;0;0.0
Scooby-Doo! WrestleMania Mystery;0;0.0
Chasing Papi (a.k.a. Papi Chulo);0;0.0
Tales from the Crypt Presents: Bordello of Blood;0;0.0
I The Jury;0;0.0
Visions of Light: The Art of Cinematography;0;0.0
Keeper of the Flame;0;0.0
Sam Peckinpah: Man of Iron;0;0.0
Space Battleship Yamato;0;0.0
Mariachi El;0;0.0
Jar The (Khomreh);0;0.0
Wild The;0;0.0
Lady Dragon;0;0.0
Voyager (Homo Faber);0;0.0
Trespass;0;0.0
Cool Ones The;0;0.0
Creature Comforts;0;0.0
Hercules in New York;0;0.0
Big Brown Eyes;0;0.0
Chocolate Soldier The;0;0.0
Future Cops (Chao ji xue xiao ba wang);0;0.0
To End All Wars;0;0.0
Trouble Bound;0;0.0
Julie;0;0.0
Dead Fury;0;0.0
Loves of Carmen The;0;0.0
Kid The;0;0.0
Halls of Montezuma;0;0.0
The .44 Specialist;0;0.0
Blue Crush;0;0.0
Modify ;0;0.0
Spooner;0;0.0
In the Name of the King: A Dungeon Siege Tale;0;0.0
Knot The;0;0.0
Wild Bill;0;0.0
Kid Galahad;0;0.0
World Unseen The;0;0.0
Place of One's Own A;0;0.0
Big Year The;0;0.0
Assassination Bureau The;0;0.0
Anna and the King;0;0.0
Invasion U.S.A.;0;0.0
Forbidden Door (Pintu Terlarang);0;0.0
Five Minarets in New York (Act of Vengeance) (Terrorist The);0;0.0
Gridiron Gang;0;0.0
Shadows of Our Forgotten Ancestors (Tini zabutykh predkiv);0;0.0
Memories of Matsuko (Kiraware Matsuko no isshô);0;0.0
Winterhawk;0;0.0
Sabotage;0;0.0
Repast (Meshi);0;0.0
Swindle The (Rien ne va plus);0;0.0
Snowpiercer;0;0.0
Boys Life 2;0;0.0
Road to Perdition;0;0.0
Sleep Room The;0;0.0
Pastoral Hide and Seek (Den-en ni shisu);0;0.0
Tom and Huck;0;0.0
Fantastic Flesh: The Art of Make-Up EFX;0;0.0
Burning The;0;0.0
1 2 3 Sun (Un deuz trois soleil);0;0.0
Theatre of Blood;0;0.0
Homegrown;0;0.0
All Access;0;0.0
Oxy-Morons;0;0.0
Camilla;0;0.0
Up in the Air;0;0.0
Kawa;0;0.0
Throw Down (Yau doh lung fu bong);0;0.0
Cooperstown;0;0.0
Red Tent The (Krasnaya palatka);0;0.0
Home Alone: The Holiday Heist;0;0.0
Without a Paddle: Nature's Calling;0;0.0
Kung Fu Panda 2;0;0.0
Key Largo;0;0.0
Monster;0;0.0
Silver Chalice The;0;0.0
For the Love of Benji;0;0.0
Tom and Huck;0;0.0
Prophet The Gold and the Transylvanians The (Profetul aurul si Ardelenii);0;0.0
Blob The;0;0.0
Bandidas;0;0.0
Quiet Chaos (Caos calmo);0;0.0
Boy of the Streets;0;0.0
And the Band Played On;0;0.0
Hunting of the President The;0;0.0
Every Which Way But Loose;0;0.0
R.S.V.P. ;0;0.0
Price of Forgiveness The (Ndeysaan);0;0.0
Rockers;0;0.0
Parents;0;0.0
Good bye Lenin!;0;0.0
Cannonball;0;0.0
Game of Death The (Le Jeu de la Mort);0;0.0
Adventures of Sharkboy and Lavagirl 3-D The;0;0.0
Page of Madness A (Kurutta ippêji);0;0.0
Taking Sides;0;0.0
Bright Star;0;0.0
Kalevala - Uusi aika;0;0.0
Second Time Around The;0;0.0
Daisies (Sedmikrasky);0;0.0
Charlie Chan in Shanghai;0;0.0
Airport;0;0.0
V/H/S;0;0.0
Mighty Macs The;0;0.0
What Have I Done to Deserve This? (¿Qué he hecho yo para merecer esto!!);0;0.0
Sadie Thompson;0;0.0
Endurance;0;0.0
Seconds Apart ;0;0.0
Intruders;0;0.0
Great Ziegfeld The;0;0.0
Fiston;0;0.0
Bill Hicks: Revelations;0;0.0
Thunder Bay;0;0.0
End of the Game (Der Richter und sein Henker);0;0.0
Frequently Asked Questions About Time Travel;0;0.0
The Roots of Heaven;0;0.0
Other People's Money;0;0.0
Molly Maxwell;0;0.0
Samson and Delilah;0;0.0
Gloria;0;0.0
Buddy;0;0.0
Helter Skelter;0;0.0
Shakespeare High;0;0.0
Statement The;0;0.0
Believe Me;0;0.0
Showdown in Little Tokyo;0;0.0
I've Loved You So Long (Il y a longtemps que je t'aime);0;0.0
Cable Guy The;0;0.0
Arrival of a Train The;0;0.0
Muertos Los;0;0.0
Spirit of the Beehive The (Espíritu de la colmena El);0;0.0
Helvetica;0;0.0
Live and Become (Va vis et deviens);0;0.0
Best in Show;0;0.0
Killing Lincoln;0;0.0
Nibelungen: Kriemhild's Revenge Die (Die Nibelungen: Kriemhilds Rache);0;0.0
The Shoe;0;0.0
Train of Life (Train de vie);0;0.0
Bon Cop Bad Cop;0;0.0
Tapestries of Hope;0;0.0
Snowpiercer;0;0.0
Oceans (Océans);0;0.0
Stargate;0;0.0
Jane Eyre;0;0.0
8: The Mormon Proposition;0;0.0
Melbourne;0;0.0
Cup The (Phörpa);0;0.0
Square The (Al Midan);0;0.0
Food of Love (Manjar de Amor);0;0.0
Frontrunners;0;0.0
Adios Sabata;0;0.0
City Hall;0;0.0
Riding the Bullet;0;0.0
Tabu;0;0.0
Fan The;0;0.0
Love Actually;0;0.0
Night of the Day of the Dawn of the Son of the Bride of the Return of the Terror;0;0.0
Dead Outside The;0;0.0
The Boys;0;0.0
Countdown to Zero;0;0.0
Ear The (Ucho);0;0.0
House of Cards;0;0.0
Time Traveler's Wife The;0;0.0
5th Musketeer The (a.k.a. Fifth Musketeer The);0;0.0
Target Shoots First The;0;0.0
Being Flynn;0;0.0
Outsiders (Ceddo);0;0.0
Constant Nymph The;0;0.0
Prisoner of Paradise;0;0.0
The Lazarus Effect;0;0.0
Unlawful Killing;0;0.0
Bugsy Malone;0;0.0
Purple Gang The;0;0.0
Legend of Bigfoot The;0;0.0
Phat Girlz;0;0.0
Battle Royale 2: Requiem (Batoru rowaiaru II: Chinkonka);0;0.0
Spice World;0;0.0
Detective (Détective);0;0.0
1;0;0.0
There's a Girl in My Soup;0;0.0
Caveman's Valentine The;0;0.0
To Grandmother's House We Go;0;0.0
Freddy's Dead: The Final Nightmare (Nightmare on Elm Street Part 6: Freddy's Dead A);0;0.0
Lawless;0;0.0
Point Break;0;0.0
Family Affair ;0;0.0
Forgiving Dr. Mengele;0;0.0
Stand by for Action;0;0.0
Not Without My Daughter;0;0.0
Scared Shrekless;0;0.0
Children of the Corn 666: Isaac's Return;0;0.0
Ghostmaker The (Box of Shadows);0;0.0
Whole Nine Yards The;0;0.0
Horse's Mouth The;0;0.0
Helicopter String Quartet;0;0.0
Highly Dangerous;0;0.0
Asphyx The;0;0.0
American Son;0;0.0
Inherit the Wind;0;0.0
Saving Sarah Cain;0;0.0
Accused The;0;0.0
Caine (Shark!);0;0.0
Metal: A Headbanger's Journey;0;0.0
Zebra Lounge;0;0.0
Comic Book Villains;0;0.0
Shadow of Angels (Schatten der Engel);0;0.0
Gorilla The;0;0.0
Amazing Journey: The Story of The Who;0;0.0
Ivory Tower;0;0.0
All In: The Poker Movie;0;0.0
Conversation with Gregory Peck A;0;0.0
Super Capers;0;0.0
The Key;0;0.0
Vexille (Bekushiru: 2077 Nihon sakoku);0;0.0
An Evening with Robin Williams;0;0.0
Stray Dogs;0;0.0
Lathe of Heaven The;0;0.0
Mr. Warmth: The Don Rickles Project;0;0.0
One Man's Hero;0;0.0
Fantastic Four: Rise of the Silver Surfer;0;0.0
Camille Claudel 1915;0;0.0
Elvis: That's the Way It Is;0;0.0
Chasing Ghosts: Beyond the Arcade ;0;0.0
Thousand Clowns A;0;0.0
Land and Freedom (Tierra y libertad);0;0.0
Dracula A.D. 1972;0;0.0
Lad: A Dog;0;0.0
First on the Moon (Pervye na Lune);0;0.0
Last Polka The;0;0.0
General The;0;0.0
One Night with the King;0;0.0
Satan's Blood (Escalofrío);0;0.0
Dampfnudelblues;0;0.0
Cremaster 2;0;0.0
Beast of Yucca Flats The;0;0.0
Hotel Terminus: The Life and Times of Klaus Barbie (Hôtel Terminus);0;0.0
Trou Le (Hole The) (Night Watch The);0;0.0
Bounce: Behind the Velvet Rope;0;0.0
Moulin Rouge;0;0.0
Lust for Life;0;0.0
Road Games (a.k.a. Roadgames);0;0.0
Conformist The (Conformista Il);0;0.0
Rampart;0;0.0
Business as Usual;0;0.0
Pursuit of Unhappiness The (Anleitung zum Unglücklichsein);0;0.0
Rodan (Sora no daikaijû Radon);0;0.0
Grand Maneuver The (Les grandes manoeuvres);0;0.0
Love and Sex under Nazi Occupation (Amour et sexe sous l'occupation) ;0;0.0
Out of the Past;0;0.0
Volver;0;0.0
Green Zone;0;0.0
Journey to the Sun (Günese yolculuk);0;0.0
Starship Troopers;0;0.0
Monte Carlo;0;0.0
Slugger's Wife The;0;0.0
The Overnight;0;0.0
Underworld;0;0.0
My Side of the Mountain;0;0.0
Boys Diving Honolulu;0;0.0
Gremlins 2: The New Batch;0;0.0
Inside Deep Throat;0;0.0
Desperados The;0;0.0
Journey to the Far Side of the Sun (a.k.a. Doppelgänger);0;0.0
Calamity Jane;0;0.0
On Any Sunday;0;0.0
Zatoichi the Fugitive (Zatôichi kyôjô-tabi) (Zatôichi 4);0;0.0
Winter Soldier;0;0.0
7th Dawn The;0;0.0
Roman;0;0.0
On the Riviera;0;0.0
Swamp Shark;0;0.0
This Christmas;0;0.0
Most Hated Family in America The;0;0.0
Our Children (À perdre la raison);0;0.0
Red Corner;0;0.0
Risky Business;0;0.0
Skyline;0;0.0
Jacknife;0;0.0
Very Potter Musical A;0;0.0
Saragossa Manuscript The (Rekopis znaleziony w Saragossie);0;0.0
Lady and the Tramp;0;0.0
Tukkijoella;0;0.0
Thief of Bagdad The;0;0.0
Spring Break Shark Attack;0;0.0
Shark Attack;0;0.0
Food of Love (Manjar de Amor);0;0.0
10 Questions for the Dalai Lama;0;0.0
Sunlight Jr.;0;0.0
388 Arletta Avenue;0;0.0
Shadows Over Chinatown;0;0.0
Mouse on the Moon The;0;0.0
Native Son;0;0.0
Harvey;0;0.0
Murder She Said;0;0.0
Limits of Control The;0;0.0
Van Gogh;0;0.0
Rough Riders;0;0.0
Asterix and the Vikings (Astérix et les Vikings);0;0.0
Gangster No. 1;0;0.0
Dangerous Man A;0;0.0
Getaway The;0;0.0
Here be Dragons;0;0.0
Becoming Chaz;0;0.0
Last Hurrah The;0;0.0
Just Around the Corner;0;0.0
99 and 44/100% Dead;0;0.0
Measuring the World (Die Vermessung der Welt);0;0.0
Official Story The (La historia oficial);0;0.0
Lost in Beijing (Ping guo);0;0.0
Brooklyn;0;0.0
First Nudie Musical The;0;0.0
This Gun for Hire;0;0.0
Hotel Pacific (Zaklete rewiry);0;0.0
Good Copy Bad Copy;0;0.0
Homicide;0;0.0
Love;0;0.0
Nirvana;0;0.0
Slam;0;0.0
Hypnotist The (Hypnotisören);0;0.0
Superclásico;0;0.0
Finding Nemo;0;0.0
Justice League: The New Frontier ;0;0.0
Roberta;0;0.0
Seven-Per-Cent Solution The;0;0.0
Dead Genesis;0;0.0
1066;0;0.0
Midsummer Night's Dream A;0;0.0
42nd Street;0;0.0
Charley Varrick;0;0.0
Reign Over Me;0;0.0
Captain Video: Master of the Stratosphere;0;0.0
Pokémon the Movie 2000;0;0.0
Four more years (Fyra år till);0;0.0
Senso;0;0.0
Passenger Side;0;0.0
Hen his wife;0;0.0
Parasomnia;0;0.0
Crash;0;0.0
American Tail: Fievel Goes West An;0;0.0
Unexpected;0;0.0
Clockwork Orange A;0;0.0
Tattoo Nation;0;0.0
Time of Eve (Eve no jikan);0;0.0
Secret Life of Walter Mitty The;0;0.0
Paprika (Papurika);0;0.0
Man Who Would Be King The;0;0.0
Twenty Bucks;0;0.0
Conan the Destroyer;0;0.0
8 ½ Women (a.k.a. 8 1/2 Women) (a.k.a. Eight and a Half Women);0;0.0
Profound Desires of the Gods (Kamigami no fukaki yokubo) ;0;0.0
Unforgiven The;0;0.0
Heart in Winter A (Un coeur en hiver);0;0.0
Bikini Spring Break (Revenge of the Nerds' Bikini Spring Break);0;0.0
Take a Giant Step;0;0.0
Man on a Ledge;0;0.0
Thunderbird Six;0;0.0
Breathless;0;0.0
Jar City (Mýrin);0;0.0
Kiss Me Kate;0;0.0
One in the Chamber;0;0.0
Kon-Tiki;0;0.0
Black Magic Rites & the Secret Orgies of the 14th Century (Riti magie nere e segrete orge nel trecento...);0;0.0
Chan Is Missing;0;0.0
Kids Are All Right The;0;0.0
Nas: Time Is Illmatic;0;0.0
Stars Above;0;0.0
30 Minutes or Less;0;0.0
Confidentially Connie;0;0.0
Welcome to the Jungle;0;0.0
Love and Lemons (Små citroner gula);0;0.0
Bonneville;0;0.0
Match Point;0;0.0
Quiet Ones The;0;0.0
Buried;0;0.0
American Outlaws;0;0.0
Just Add Water;0;0.0
Bounce: Behind the Velvet Rope;0;0.0
Expelled: No Intelligence Allowed;0;0.0
Early Years: Erik Nietzsche Part 1 The (De unge år: Erik Nietzsche);0;0.0
Camille Claudel 1915;0;0.0
Adoration;0;0.0
Wild Hunt The;0;0.0
Amityville Curse The;0;0.0
Ruggles of Red Gap;0;0.0
White Sands;0;0.0
Billy Elliot;0;0.0
Hoodwinked Too! Hood vs. Evil;0;0.0
Murder in the First;0;0.0
Folks!;0;0.0
Greed;0;0.0
Camino;0;0.0
Suez;0;0.0
Bonsái;0;0.0
CJ7 (Cheung Gong 7 hou);0;0.0
The Trial of Lee Harvey Oswald;0;0.0
Sunset Blvd. (a.k.a. Sunset Boulevard);0;0.0
Linsanity;0;0.0
Band's Visit The (Bikur Ha-Tizmoret);0;0.0
2001: A Space Odyssey;0;0.0
Fantomas vs. Scotland Yard;0;0.0
Up the River;0;0.0
Whoregasm;0;0.0
Follow Me Quietly;0;0.0
Blonde Crazy;0;0.0
Chinese Puzzle (Casse-tête chinois);0;0.0
Two English Girls (Les deux anglaises et le continent);0;0.0
Sex and Zen (Rou pu Tuan zhi tou Qing bao Jian);0;0.0
Troy;0;0.0
Play Girl;0;0.0
Lady Snowblood (Shurayukihime);0;0.0
C.H.O.M.P.S.;0;0.0
Strange Little Cat The (Das merkwürdige Kätzchen);0;0.0
Tapped;0;0.0
Conscientious Objector The;0;0.0
Always Tell Your Wife;0;0.0
Centenarian Who Climbed Out the Window and Vanished The (Hundraåringen som klev ut genom fönstret och försvann);0;0.0
Where the Heart Is;0;0.0
I Am a Fugitive from a Chain Gang;0;0.0
Dark Angel The;0;0.0
Bitch Slap;0;0.0
Dead Heat on a Merry-Go-Round;0;0.0
Fool There Was A;0;0.0
Life is a Miracle (Zivot je cudo);0;0.0
Chronic Town;0;0.0
Recruiter The;0;0.0
Ip Man: The Final Fight;0;0.0
Mother Wore Tights;0;0.0
Save the Last Dance;0;0.0
Wind The;0;0.0
Budd Boetticher: A Man Can Do That;0;0.0
Kamikaze Girls (Shimotsuma monogatari);0;0.0
Out of Sight;0;0.0
Laputa: Castle in the Sky (Tenkû no shiro Rapyuta);0;0.0
Good Guy The;0;0.0
Tortured The;0;0.0
Spy in Black The;0;0.0
Forever Amber;0;0.0
Solarbabies;0;0.0
One Way Boogie Woogie;0;0.0
Nobody Knows Anything!;0;0.0
Aftershock (Tangshan dadizhen);0;0.0
Primary;0;0.0
HealtH;0;0.0
Bachelor Weekend The;0;0.0
Laffghanistan: Comedy Down Range;0;0.0
Chu Chin Chow;0;0.0
Igor;0;0.0
White Dog;0;0.0
Wrong Turn;0;0.0
Private Benjamin;0;0.0
Party The;0;0.0
Gimme Shelter;0;0.0
Ron Clark Story The;0;0.0
Upside Down;0;0.0
Three of Hearts;0;0.0
Hiding Cot (Piilopirtti);0;0.0
Killing Machine The (Icarus);0;0.0
Murder on Flight 502;0;0.0
Gummo;0;0.0
Mar Baum;0;0.0
Young Poisoner's Handbook The;0;0.0
Crazy Horse;0;0.0
After Midnight;0;0.0
Hit and Run (Hit & Run);0;0.0
Set It Off;0;0.0
American Samurai (Ninja: American Samurai);0;0.0
Tony Takitani;0;0.0
Dirty Pretty Things;0;0.0
Goodnight Mister Tom;0;0.0
The Violent Enemy;0;0.0
The Trap;0;0.0
Haunted Castle;0;0.0
Melody Time;0;0.0
Time to Love and a Time to Die A;0;0.0
Drunken Master (Jui kuen);0;0.0
Into the Abyss;0;0.0
Down From the Mountain;0;0.0
Song of Sparrows The (Avaze gonjeshk-ha);0;0.0
Night of the Zombies (a.k.a. Hell of the Living Dead) (Virus);0;0.0
Death Race 2;0;0.0
Impulse;0;0.0
Malta G.C.;0;0.0
Million to Juan A;0;0.0
The Hellions;0;0.0
Diamond Dogs;0;0.0
Day After The;0;0.0
Broken Sky (El cielo dividido);0;0.0
Parisian Love;0;0.0
Mr. Bug Goes to Town (a.k.a. Hoppity Goes to Town);0;0.0
Sunlight Jr.;0;0.0
Tyler Perrys A Madea Christmas;0;0.0
When in Rome;0;0.0
New York Minute;0;0.0
Longest Day The;0;0.0
About Adam;0;0.0
In Gold We Trust (600 kilos d'or pur);0;0.0
Benjamin Blümchen - Seine schönsten Abenteuer;0;0.0
Joe and Max;0;0.0
Vesna va veloce;0;0.0
Conspirator The;0;0.0
Island in the Sun;0;0.0
Around the World Under the Sea;0;0.0
Good Old Daze (Le péril jeune);0;0.0
Hard to Kill;0;0.0
Teknolust;0;0.0
Survive Style 5+;0;0.0
Letting Go of God;0;0.0
Angels in America;0;0.0
Book of Stars The;0;0.0
Indiana Jones and the Kingdom of the Crystal Skull;0;0.0
Class of 1999 II: The Substitute;0;0.0
Up!;0;0.0
Apple Dumpling Gang Rides Again The;0;0.0
Turkish Delight (Turks fruit);0;0.0
Moon Child;0;0.0
Reversal of Fortune;0;0.0
Shanghai Noon;0;0.0
Jingle All the Way 2;0;0.0
Best of Ernie and Bert The;0;0.0
Tender Is the Night;0;0.0
Rosvo Roope;0;0.0
Cool World The;0;0.0
In the Name of the King: A Dungeon Siege Tale;0;0.0
Change of Address (Changement d'adresse);0;0.0
One I Love The;0;0.0
Uncle Boonmee Who Can Recall His Past Lives (Loong Boonmee raleuk chat);0;0.0
Off Limits;0;0.0
Dillinger and Capone;0;0.0
Angels & Demons;0;0.0
Trinity: Gambling for High Stakes (Odds and Evens) (Pari e dispari);0;0.0
Burn Up!;0;0.0
Let Me In;0;0.0
Visitor The;0;0.0
burbs The;0;0.0
Hand of Death The (Shao Lin men);0;0.0
Indestructible Man;0;0.0
From Paris with Love;0;0.0
Szamanka;0;0.0
Taxi to the Dark Side;0;0.0
Lola (Twinky) (London Affair);0;0.0
Better Tomorrow II A (Ying hung boon sik II);0;0.0
If You Love (Jos rakastat);0;0.0
War of the Worlds 2: The Next Wave;0;0.0
Bloodtide;0;0.0
Deathstalker II;0;0.0
Morgan!;0;0.0
Happiest Days of Your Life The;0;0.0
Home Alone 4;0;0.0
Awful Truth The;0;0.0
Drop Dead Fred;0;0.0
Lincz;0;0.0
Skyjacked;0;0.0
Thousands Cheer;0;0.0
Meantime;0;0.0
Gloria;0;0.0
All About Steve;0;0.0
Ted Bundy;0;0.0
Gleason;0;0.0
"Mists of Avalon The;0;0.0
Situation The;0;0.0
Things You Can Tell Just by Looking at Her;0;0.0
Bebe's Kids;0;0.0
Blackbird The;0;0.0
Go Go Tales;0;0.0
Keith;0;0.0
Hiroshima;0;0.0
History of the Eagles;0;0.0
Perfumed Nightmare;0;0.0
Great Expectations;0;0.0
Beyond Bedlam;0;0.0
 ;0;0.0
